time_stamp(centre),radius,shift,class
249.75,1.6071547567605506,[166.66666667 166.66666667 166.66666667],sudden
749.25,224.34991801547653,[166.66666667 166.66666667 166.66666667],sudden
