time_stamp(centre),radius,shift,class
550.2471046720009,250.0373466873074,[-200. -200. -200. -200. -200.],sudden
