time_stamp(centre),radius,shift,class
587.542670276197,49.75842679801584,[-200. -200. -200. -200. -200.],sudden
