time_stamp(centre),radius,shift,class
293.4772697375598,24.854309281491393,[-200. -200. -200. -200. -200.],incremental
