time_stamp(centre),radius,shift,class
499.5,424.24341261427014,[166.66666667 166.66666667 166.66666667],sudden
