time_stamp(centre),radius,shift,class
7776.246403327628,3379.677053525335,[-200. -200. -200. -200. -200.],gradual
2375.174659129088,506.284274950989,[-200. -200. -200. -200. -200.],gradual
