time_stamp(centre),radius,shift,class
482.5478896678247,221.47863442595792,[-200. -200. -200. -200. -200.],sudden
273.06889233868543,53.545486418596504,[-200. -200. -200. -200. -200.],sudden
