time_stamp(centre),radius,shift,class
7776.246403327628,3302.323635112269,[-333.33333333 -333.33333333 -333.33333333],sudden
