time_stamp(centre),radius,shift,class
770.5493226234793,79.40442658449483,[-333.33333333 -333.33333333 -333.33333333],gradual
