time_stamp(centre),radius,shift,class
4256.788383778439,538.2979914462501,[-200. -200. -200. -200. -200.],sudden
