time_stamp(centre),radius,shift,class
431.01623279947137,4.019692569042679,[-200. -200. -200. -200. -200.],gradual
142.16807664858578,22.355236432344636,[-200. -200. -200. -200. -200.],gradual
