time_stamp(centre),radius,shift,class
862.8962255845129,8.047440634215704,[-200. -200. -200. -200. -200.],gradual
