time_stamp(centre),radius,shift,class
249.5,4.211723224890072,[166.66666667 166.66666667 166.66666667],sudden
