time_stamp(centre),radius,shift,class
587.542670276197,75.95049049282095,[-200. -200. -200. -200. -200.],sudden
896.8160141815085,182.38559076164387,[-200. -200. -200. -200. -200.],sudden
