time_stamp(centre),radius,shift,class
10.363779731814255,1.6131802761382137,[-333.33333333 -333.33333333 -333.33333333],gradual
501.37271755659003,225.19104720524055,[-333.33333333 -333.33333333 -333.33333333],gradual
