time_stamp(centre),radius,shift,class
4999.5,1030.388111581439,[166.66666667 166.66666667 166.66666667],sudden
