time_stamp(centre),radius,shift,class
2499.75,202.0164142957068,[100. 100. 100. 100. 100.],sudden
7499.25,1820.2985403739233,[100. 100. 100. 100. 100.],sudden
