time_stamp(centre),radius,shift,class
124.75,75.59153466838819,[100. 100. 100. 100. 100.],gradual
374.25,72.50520113472238,[100. 100. 100. 100. 100.],gradual
