time_stamp(centre),radius,shift,class
2499.75,2026.3443182970123,[100. 100. 100. 100. 100.],sudden
7499.25,1301.5432317599013,[100. 100. 100. 100. 100.],sudden
