time_stamp(centre),radius,shift,class
384.88900099010624,39.662471336999914,[-333.33333333 -333.33333333 -333.33333333],sudden
10.35522273034135,158.4951491879829,[-333.33333333 -333.33333333 -333.33333333],sudden
