time_stamp(centre),radius,shift,class
10.363779731814255,20.25912963825912,[-200. -200. -200. -200. -200.],sudden
501.37271755659003,182.54785997631126,[-200. -200. -200. -200. -200.],sudden
