time_stamp(centre),radius,shift,class
388.07350287633625,164.80242963506572,[-333.33333333 -333.33333333 -333.33333333],gradual
118.53306879742124,126.51384938914144,[-333.33333333 -333.33333333 -333.33333333],gradual
