time_stamp(centre),radius,shift,class
212.434983848929,26.863756148782755,[-200. -200. -200. -200. -200.],sudden
