time_stamp(centre),radius,shift,class
124.75,113.37509542311926,[100. 100. 100. 100. 100.],sudden
374.25,32.35441328741895,[100. 100. 100. 100. 100.],sudden
