time_stamp(centre),radius,shift,class
124.75,25.710754459402843,[166.66666667 166.66666667 166.66666667],sudden
374.25,102.74271184854733,[166.66666667 166.66666667 166.66666667],sudden
