time_stamp(centre),radius,shift,class
5.176702788964278,0.016656181204443538,[-333.33333333 -333.33333333 -333.33333333],sudden
