time_stamp(centre),radius,shift,class
249.75,63.16495500505406,[100. 100. 100. 100. 100.],sudden
749.25,45.787858723832244,[100. 100. 100. 100. 100.],sudden
