time_stamp(centre),radius,shift,class
249.5,211.90937226678759,[166.66666667 166.66666667 166.66666667],gradual
