time_stamp(centre),radius,shift,class
499.5,3.2143095135211013,[166.66666667 166.66666667 166.66666667],sudden
