time_stamp(centre),radius,shift,class
249.5,51.421508918805685,[166.66666667 166.66666667 166.66666667],gradual
