time_stamp(centre),radius,shift,class
425.2956891083769,53.781347480228405,[-200. -200. -200. -200. -200.],sudden
