time_stamp(centre),radius,shift,class
212.434983848929,51.4016406662209,[-200. -200. -200. -200. -200.],sudden
406.47728650678175,37.2607098478863,[-200. -200. -200. -200. -200.],sudden
