time_stamp(centre),radius,shift,class
2499.75,1193.0153416252156,[100. 100. 100. 100. 100.],sudden
7499.25,1588.4504029258176,[100. 100. 100. 100. 100.],sudden
