time_stamp(centre),radius,shift,class
423.56003093702077,3.5749852092837835,[-333.33333333 -333.33333333 -333.33333333],sudden
89.26906653557825,181.56798302374688,[-333.33333333 -333.33333333 -333.33333333],sudden
