time_stamp(centre),radius,shift,class
7776.246403327628,3379.677053525335,[-200. -200. -200. -200. -200.],sudden
