time_stamp(centre),radius,shift,class
217.56145616885988,65.91504752101558,[-200. -200. -200. -200. -200.],gradual
12.937189682117776,63.223796147039174,[-200. -200. -200. -200. -200.],gradual
