time_stamp(centre),radius,shift,class
5507.42822784318,3217.5670673469126,[-200. -200. -200. -200. -200.],sudden
7080.7700783584305,918.21307217795,[-200. -200. -200. -200. -200.],sudden
