time_stamp(centre),radius,shift,class
4359.513026517896,1320.8107418088875,[-200. -200. -200. -200. -200.],sudden
