time_stamp(centre),radius,shift,class
499.5,0.2256315850929687,[166.66666667 166.66666667 166.66666667],gradual
