time_stamp(centre),radius,shift,class
4999.5,2.2583485679125066,[166.66666667 166.66666667 166.66666667],gradual
