time_stamp(centre),radius,shift,class
445.5372155665648,0.10062789606225396,[-333.33333333 -333.33333333 -333.33333333],sudden
