time_stamp(centre),radius,shift,class
4999.5,4246.2561388689555,[166.66666667 166.66666667 166.66666667],gradual
