time_stamp(centre),radius,shift,class
249.75,226.97739544628487,[100. 100. 100. 100. 100.],gradual
749.25,64.77366507841991,[100. 100. 100. 100. 100.],gradual
