time_stamp(centre),radius,shift,class
249.75,0.11281579254648436,[166.66666667 166.66666667 166.66666667],gradual
749.25,241.1380636654252,[166.66666667 166.66666667 166.66666667],gradual
