time_stamp(centre),radius,shift,class
7712.435112024193,3125.9224061375344,[-200. -200. -200. -200. -200.],sudden
207.4987416446556,2007.8143255210532,[-200. -200. -200. -200. -200.],sudden
