time_stamp(centre),radius,shift,class
2499.75,46.62574508714309,[100. 100. 100. 100. 100.],sudden
7499.25,259.30578952348935,[100. 100. 100. 100. 100.],sudden
