time_stamp(centre),radius,shift,class
5880.719879971665,498.0325420954558,[-200. -200. -200. -200. -200.],incremental
