time_stamp(centre),radius,shift,class
124.75,0.8027729966201349,[166.66666667 166.66666667 166.66666667],sudden
374.25,112.06267176148428,[166.66666667 166.66666667 166.66666667],sudden
