time_stamp(centre),radius,shift,class
499.5,8.431886776884133,[166.66666667 166.66666667 166.66666667],gradual
