time_stamp(centre),radius,shift,class
124.75,59.537419289027156,[100. 100. 100. 100. 100.],gradual
374.25,79.27160226622492,[100. 100. 100. 100. 100.],gradual
