time_stamp(centre),radius,shift,class
8927.70865420858,2.016389444341638,[-333.33333333 -333.33333333 -333.33333333],sudden
3319.466073206471,4309.9306863762085,[-333.33333333 -333.33333333 -333.33333333],sudden
