time_stamp(centre),radius,shift,class
9669.331360297752,4438.005742735778,[-200. -200. -200. -200. -200.],gradual
5471.775259508047,1072.9485344680288,[-200. -200. -200. -200. -200.],gradual
