time_stamp(centre),radius,shift,class
770.5493226234793,312.31087946108585,[-200. -200. -200. -200. -200.],sudden
