time_stamp(centre),radius,shift,class
2499.75,423.40287329214334,[100. 100. 100. 100. 100.],incremental
7499.25,1016.7489725805564,[100. 100. 100. 100. 100.],incremental
