time_stamp(centre),radius,shift,class
124.75,21.129916368914845,[100. 100. 100. 100. 100.],incremental
374.25,50.740847816551415,[100. 100. 100. 100. 100.],incremental
