time_stamp(centre),radius,shift,class
384.88900099010624,39.662471336999914,[-333.33333333 -333.33333333 -333.33333333],gradual
