time_stamp(centre),affected_feature,radius,shift of distribution parameters,class
3294.356414622464,0,1246.5860116094939,[1. 1. 1. 1. 1. 1. 1. 1. 1. 1.],gradual
9595.49134363397,1,2748.8236160983806,[1. 1. 1. 1. 1. 1. 1. 1. 1. 1.],gradual
