time_stamp(centre),radius,shift,class
499.5,102.94606695368111,[166.66666667 166.66666667 166.66666667],gradual
