time_stamp(centre),radius,shift,class
249.75,42.302177259611085,[100. 100. 100. 100. 100.],gradual
749.25,101.58338069886747,[100. 100. 100. 100. 100.],gradual
