time_stamp(centre),radius,shift,class
293.4772697375598,37.937231987905555,[-200. -200. -200. -200. -200.],sudden
447.9591502267996,91.10151130136165,[-200. -200. -200. -200. -200.],sudden
