time_stamp(centre),radius,shift,class
249.75,217.0904316398087,[100. 100. 100. 100. 100.],sudden
749.25,32.52070243424928,[100. 100. 100. 100. 100.],sudden
