time_stamp(centre),radius,shift,class
4256.788383778439,1029.9899900231317,[-200. -200. -200. -200. -200.],gradual
8145.0228212050315,746.6329414208718,[-200. -200. -200. -200. -200.],gradual
