time_stamp(centre),radius,shift,class
2940.065874585294,380.05655853214404,[-200. -200. -200. -200. -200.],incremental
4487.67092581918,912.6582264439015,[-200. -200. -200. -200. -200.],incremental
