time_stamp(centre),affected_feature,radius,shift of distribution parameters,class
329.1391197327574,0,124.54639719950839,[1. 1. 1. 1. 1. 1. 1. 1. 1. 1.],gradual
958.685453774411,1,274.63494274250246,[1. 1. 1. 1. 1. 1. 1. 1. 1. 1.],gradual
