time_stamp(centre),radius,shift,class
435.55890723986175,131.96218932564042,[-200. -200. -200. -200. -200.],gradual
