time_stamp(centre),radius,shift,class
8927.70865420858,2.016389444341638,[-333.33333333 -333.33333333 -333.33333333],sudden
