time_stamp(centre),radius,shift,class
2499.75,2123.1280694344778,[166.66666667 166.66666667 166.66666667],gradual
7499.25,1629.8613157893633,[166.66666667 166.66666667 166.66666667],gradual
