time_stamp(centre),affected_feature,radius,shift of distribution parameters,class
1647.0134730170714,0,623.230670270613,[1. 1. 1. 1. 1. 1. 1. 1. 1. 1.],sudden
4797.265849267548,1,1374.2743531228928,[1. 1. 1. 1. 1. 1. 1. 1. 1. 1.],sudden
