time_stamp(centre),radius,shift,class
2499.75,16.086026439288034,[166.66666667 166.66666667 166.66666667],gradual
7499.25,2245.5203505873374,[166.66666667 166.66666667 166.66666667],gradual
