time_stamp(centre),radius,shift,class
2940.065874585294,248.99136693021137,[-200. -200. -200. -200. -200.],incremental
