time_stamp(centre),radius,shift,class
2499.75,1.1291742839562533,[166.66666667 166.66666667 166.66666667],gradual
7499.25,2413.5530516422286,[166.66666667 166.66666667 166.66666667],gradual
