time_stamp(centre),radius,shift,class
5.176702788964278,10.119425114605908,[-200. -200. -200. -200. -200.],sudden
250.43542148222065,91.18256469287219,[-200. -200. -200. -200. -200.],sudden
