time_stamp(centre),radius,shift,class
5.176702788964278,0.8057827405335021,[-333.33333333 -333.33333333 -333.33333333],gradual
250.43542148222065,112.48281537078581,[-333.33333333 -333.33333333 -333.33333333],gradual
