time_stamp(centre),radius,shift,class
249.5,0.1127028638252166,[166.66666667 166.66666667 166.66666667],sudden
