time_stamp(centre),radius,shift,class
2499.75,1514.7089281547364,[100. 100. 100. 100. 100.],gradual
7499.25,1452.8647417757297,[100. 100. 100. 100. 100.],gradual
