time_stamp(centre),radius,shift,class
103.73116470311385,16.14633591702302,[-333.33333333 -333.33333333 -333.33333333],sudden
5018.244046895239,2253.9392202254257,[-333.33333333 -333.33333333 -333.33333333],sudden
