time_stamp(centre),affected_feature,radius,shift of distribution parameters,class
164.4048255722182,0,62.21086306562031,[1. 1. 1. 1. 1. 1. 1. 1. 1. 1.],gradual
478.8629043377689,1,137.1800164449537,[1. 1. 1. 1. 1. 1. 1. 1. 1. 1.],gradual
