time_stamp(centre),radius,shift,class
5.176702788964278,0.20917670473070274,[-200. -200. -200. -200. -200.],sudden
