time_stamp(centre),radius,shift,class
5880.719879971665,760.1891435812979,[-200. -200. -200. -200. -200.],sudden
8976.23956536627,1825.4990210467236,[-200. -200. -200. -200. -200.],sudden
