time_stamp(centre),radius,shift,class
249.75,4.215943388442066,[166.66666667 166.66666667 166.66666667],gradual
749.25,214.12126002476083,[166.66666667 166.66666667 166.66666667],gradual
