time_stamp(centre),radius,shift,class
2499.75,2172.8600860525,[100. 100. 100. 100. 100.],gradual
7499.25,325.50000364370226,[100. 100. 100. 100. 100.],gradual
