time_stamp(centre),radius,shift,class
384.88900099010624,155.9991279790609,[-200. -200. -200. -200. -200.],gradual
