time_stamp(centre),radius,shift,class
124.75,105.95468613339379,[166.66666667 166.66666667 166.66666667],gradual
374.25,81.33821347923715,[166.66666667 166.66666667 166.66666667],gradual
