time_stamp(centre),radius,shift,class
10.363779731814255,0.418772601254453,[-200. -200. -200. -200. -200.],sudden
