time_stamp(centre),radius,shift,class
862.8962255845129,8.047440634215704,[-200. -200. -200. -200. -200.],sudden
284.62105926239917,44.755272937699985,[-200. -200. -200. -200. -200.],sudden
