time_stamp(centre),radius,shift,class
2499.75,632.2186036992348,[100. 100. 100. 100. 100.],gradual
7499.25,458.29109047006864,[100. 100. 100. 100. 100.],gradual
