time_stamp(centre),radius,shift,class
249.75,119.19415204356339,[100. 100. 100. 100. 100.],sudden
749.25,158.70206545883508,[100. 100. 100. 100. 100.],sudden
