time_stamp(centre),radius,shift,class
1249.75,211.68026438518098,[100. 100. 100. 100. 100.],faulty_sensor
3749.25,508.32364375739587,[100. 100. 100. 100. 100.],faulty_sensor
