time_stamp(centre),radius,shift,class
124.75,10.081627236079377,[100. 100. 100. 100. 100.],sudden
374.25,90.84198136279505,[100. 100. 100. 100. 100.],sudden
