time_stamp(centre),radius,shift,class
2499.75,515.1940557907195,[166.66666667 166.66666667 166.66666667],sudden
7499.25,2058.76628411548,[166.66666667 166.66666667 166.66666667],sudden
