time_stamp(centre),radius,shift,class
249.75,202.45204260213174,[100. 100. 100. 100. 100.],sudden
749.25,130.03717257007116,[100. 100. 100. 100. 100.],sudden
