time_stamp(centre),radius,shift,class
3079.0415912970834,734.7422454084483,[-200. -200. -200. -200. -200.],gradual
