time_stamp(centre),radius,shift,class
307.62701767234586,123.81685390889464,[-200. -200. -200. -200. -200.],sudden
518.8720878259954,164.85700109494204,[-200. -200. -200. -200. -200.],sudden
