time_stamp(centre),radius,shift,class
425.2956891083769,102.9062906323741,[-200. -200. -200. -200. -200.],sudden
813.769156754058,74.5960904569908,[-200. -200. -200. -200. -200.],sudden
