time_stamp(centre),radius,shift,class
891.9672912845656,0.20145745123485312,[-333.33333333 -333.33333333 -333.33333333],sudden
