time_stamp(centre),radius,shift,class
550.2471046720009,321.4670967376303,[-200. -200. -200. -200. -200.],sudden
707.4396747954867,91.73865977655485,[-200. -200. -200. -200. -200.],sudden
