time_stamp(centre),radius,shift,class
7712.435112024193,3125.9224061375344,[-200. -200. -200. -200. -200.],sudden
