time_stamp(centre),radius,shift,class
124.75,101.12469395241615,[100. 100. 100. 100. 100.],gradual
374.25,64.9535026150806,[100. 100. 100. 100. 100.],gradual
