time_stamp(centre),radius,shift,class
847.9688795713101,7.157134717584168,[-333.33333333 -333.33333333 -333.33333333],sudden
178.7170289960775,363.49982974092813,[-333.33333333 -333.33333333 -333.33333333],sudden
