time_stamp(centre),radius,shift,class
153.65954135986044,36.6673047763592,[-200. -200. -200. -200. -200.],sudden
