time_stamp(centre),radius,shift,class
103.73116470311385,0.33375782738122434,[-333.33333333 -333.33333333 -333.33333333],sudden
