time_stamp(centre),radius,shift,class
124.75,31.55086341093291,[100. 100. 100. 100. 100.],gradual
374.25,22.871012515707996,[100. 100. 100. 100. 100.],gradual
