time_stamp(centre),radius,shift,class
249.75,151.334555378196,[100. 100. 100. 100. 100.],gradual
749.25,145.15570327372276,[100. 100. 100. 100. 100.],gradual
