time_stamp(centre),radius,shift,class
847.9688795713101,7.157134717584168,[-333.33333333 -333.33333333 -333.33333333],sudden
