time_stamp(centre),radius,shift,class
124.75,108.43656195021477,[100. 100. 100. 100. 100.],sudden
374.25,16.24407458927967,[100. 100. 100. 100. 100.],sudden
