time_stamp(centre),radius,shift,class
10.363779731814255,0.033345741529537266,[-333.33333333 -333.33333333 -333.33333333],gradual
