time_stamp(centre),radius,shift,class
103.73116470311385,4.1914987386819575,[-200. -200. -200. -200. -200.],gradual
