time_stamp(centre),radius,shift,class
388.07350287633625,168.66275124603882,[-200. -200. -200. -200. -200.],gradual
118.53306879742124,25.266111931247476,[-200. -200. -200. -200. -200.],gradual
