time_stamp(centre),radius,shift,class
966.062809174663,443.4011138106853,[-200. -200. -200. -200. -200.],gradual
546.6850169265466,107.19827842119821,[-200. -200. -200. -200. -200.],gradual
