time_stamp(centre),radius,shift,class
153.65954135986044,61.846456557095514,[-200. -200. -200. -200. -200.],gradual
259.17634817334505,82.34598953591198,[-200. -200. -200. -200. -200.],gradual
