time_stamp(centre),radius,shift,class
776.9247081632464,329.9351246601817,[-333.33333333 -333.33333333 -333.33333333],sudden
