time_stamp(centre),radius,shift,class
2499.75,2271.8187958632657,[100. 100. 100. 100. 100.],gradual
7499.25,648.3201973164371,[100. 100. 100. 100. 100.],gradual
