time_stamp(centre),radius,shift,class
249.75,4.658377771982792,[100. 100. 100. 100. 100.],gradual
749.25,25.907239097306316,[100. 100. 100. 100. 100.],gradual
