time_stamp(centre),radius,shift,class
103.73116470311385,202.773811064017,[-200. -200. -200. -200. -200.],gradual
5018.244046895239,1827.1231750782144,[-200. -200. -200. -200. -200.],gradual
