time_stamp(centre),radius,shift,class
9669.331360297752,4438.005742735778,[-200. -200. -200. -200. -200.],gradual
