time_stamp(centre),radius,shift,class
8487.328154988518,71.63582586699108,[-333.33333333 -333.33333333 -333.33333333],sudden
1788.780353285064,3638.27307065019,[-333.33333333 -333.33333333 -333.33333333],sudden
