time_stamp(centre),radius,shift,class
8487.328154988518,71.63582586699108,[-333.33333333 -333.33333333 -333.33333333],gradual
