time_stamp(centre),radius,shift,class
4999.5,32.17205287857607,[166.66666667 166.66666667 166.66666667],sudden
