time_stamp(centre),radius,shift,class
249.5,1.6055459932402698,[166.66666667 166.66666667 166.66666667],gradual
