time_stamp(centre),radius,shift,class
8636.73609571526,80.54690580733015,[-200. -200. -200. -200. -200.],sudden
2848.7747463110404,447.9559300340963,[-200. -200. -200. -200. -200.],sudden
