time_stamp(centre),radius,shift,class
4359.513026517896,1320.8107418088875,[-200. -200. -200. -200. -200.],sudden
259.2363920470854,1266.8832418321538,[-200. -200. -200. -200. -200.],sudden
