time_stamp(centre),radius,shift,class
249.75,229.2592720111578,[100. 100. 100. 100. 100.],gradual
749.25,55.426561878656834,[100. 100. 100. 100. 100.],gradual
