time_stamp(centre),radius,shift,class
249.75,212.12170630713507,[166.66666667 166.66666667 166.66666667],gradual
749.25,162.83942939029643,[166.66666667 166.66666667 166.66666667],gradual
