time_stamp(centre),radius,shift,class
124.75,2.105861612445036,[166.66666667 166.66666667 166.66666667],gradual
374.25,106.95346221457022,[166.66666667 166.66666667 166.66666667],gradual
