time_stamp(centre),radius,shift,class
776.9247081632464,337.66350399758073,[-200. -200. -200. -200. -200.],gradual
