time_stamp(centre),radius,shift,class
770.5493226234793,312.31087946108585,[-200. -200. -200. -200. -200.],sudden
20.7311974100421,200.60071119067229,[-200. -200. -200. -200. -200.],sudden
