time_stamp(centre),radius,shift,class
7712.435112024193,794.7596210394031,[-333.33333333 -333.33333333 -333.33333333],gradual
