time_stamp(centre),radius,shift,class
124.75,2.3268573655849982,[100. 100. 100. 100. 100.],sudden
374.25,12.94065296251837,[100. 100. 100. 100. 100.],sudden
