time_stamp(centre),radius,shift,class
217.56145616885988,65.91504752101558,[-200. -200. -200. -200. -200.],gradual
