time_stamp(centre),radius,shift,class
2499.75,42.19741535638861,[166.66666667 166.66666667 166.66666667],gradual
7499.25,2143.1416206081917,[166.66666667 166.66666667 166.66666667],gradual
