time_stamp(centre),radius,shift,class
249.75,51.473033476840556,[166.66666667 166.66666667 166.66666667],sudden
749.25,205.691320915228,[166.66666667 166.66666667 166.66666667],sudden
