time_stamp(centre),radius,shift,class
2499.75,2294.6581189585254,[100. 100. 100. 100. 100.],sudden
7499.25,554.7649571818715,[100. 100. 100. 100. 100.],sudden
