time_stamp(centre),radius,shift,class
274.84815338471316,124.89352952649288,[-200. -200. -200. -200. -200.],sudden
