time_stamp(centre),radius,shift,class
249.75,20.183458133954506,[100. 100. 100. 100. 100.],gradual
749.25,181.86601078443337,[100. 100. 100. 100. 100.],gradual
