time_stamp(centre),radius,shift,class
274.84815338471316,160.57265392600354,[-200. -200. -200. -200. -200.],sudden
353.36576348643433,45.82341464314403,[-200. -200. -200. -200. -200.],sudden
