time_stamp(centre),radius,shift,class
7776.246403327628,3302.323635112269,[-333.33333333 -333.33333333 -333.33333333],gradual
2375.174659129088,2535.0941483808124,[-333.33333333 -333.33333333 -333.33333333],gradual
