time_stamp(centre),radius,shift,class
4999.5,84.39483071277722,[166.66666667 166.66666667 166.66666667],gradual
