time_stamp(centre),radius,shift,class
3079.0415912970834,1239.2840062412788,[-200. -200. -200. -200. -200.],gradual
5193.395401573702,1650.0552091574828,[-200. -200. -200. -200. -200.],gradual
