time_stamp(centre),radius,shift,class
307.62701767234586,73.40809112541652,[-200. -200. -200. -200. -200.],gradual
