time_stamp(centre),radius,shift,class
770.5493226234793,79.40442658449483,[-333.33333333 -333.33333333 -333.33333333],sudden
20.7311974100421,317.3079239254407,[-333.33333333 -333.33333333 -333.33333333],sudden
