time_stamp(centre),radius,shift,class
124.75,114.51489162519293,[100. 100. 100. 100. 100.],sudden
374.25,27.685539917367127,[100. 100. 100. 100. 100.],sudden
