time_stamp(centre),radius,shift,class
5507.42822784318,2502.6260555819686,[-200. -200. -200. -200. -200.],sudden
