time_stamp(centre),radius,shift,class
124.75,0.0563514319126083,[166.66666667 166.66666667 166.66666667],sudden
374.25,120.44834211115834,[166.66666667 166.66666667 166.66666667],sudden
