time_stamp(centre),radius,shift,class
8636.73609571526,80.54690580733015,[-200. -200. -200. -200. -200.],sudden
